[
    {
        "id": 1,
        "name":" Cappuccino",
        "price": 3,
        "image": "images/Cappuccino.png"
    },
    {
        "id": 2,
        "name":" Espresso",
        "price": 3,
        "image": "images/espresso.jpg"
    },
    {
        "id": 3,
        "name":" Flatwhite",
        "price": 4,
        "image": "images/Flatwhite.jpg"
    },
    {
        "id": 4,
        "name":"Frappe",
        "price": 3.4,
        "image": "images/frappe.jpg"
    },
    {
        "id": 5,
        "name":" Mocha",
        "price": 2.4,
        "image": "images/mocha2.jpg"
    }
]